"movie_id","genre_id"
"693134","878"
"693134","12"
"1011985","16"
"1011985","28"
"1011985","12"
"1011985","35"
"1011985","10751"
"823464","28"
"823464","878"
"823464","12"
"823464","14"
"438631","878"
"438631","12"
"359410","28"
"359410","53"
"792307","878"
"792307","10749"
"792307","35"
"634492","28"
"634492","14"
"1083658","18"
"872585","18"
"872585","36"
"967847","14"
"967847","12"
"967847","35"
"437342","27"
"763215","14"
"763215","28"
"763215","12"
"1127166","10749"
"1127166","18"
"929590","28"
"929590","10752"
"929590","53"
"1125311","27"
"1125311","9648"
"1125311","53"
"984324","28"
"984324","53"
"845783","27"
"845783","53"
"1022796","16"
"1022796","10751"
"1022796","14"
"1022796","12"
"560016","28"
"560016","53"
"866398","28"
"866398","53"
"866398","18"
"978592","18"
"978592","53"
"978592","9648"
"915935","53"
"915935","9648"
"915935","80"
"787699","35"
"787699","10751"
"787699","14"
"848538","28"
"848538","12"
"848538","35"
"572802","28"
"572802","12"
"572802","14"
"802219","10402"
"802219","36"
"802219","18"
"695721","18"
"695721","878"
"695721","28"
"968441","10749"
"968441","35"
"968441","10402"
"972614","53"
"972614","80"
"467244","36"
"467244","18"
"467244","10752"
"1181548","28"
"1181548","9648"
"1181548","53"
"889737","18"
"889737","80"
"889737","53"
"975773","35"
"975773","18"
"1017633","10749"
"1017633","35"
"1072790","10749"
"1072790","35"
"969492","28"
"969492","53"
"969492","10752"
"9502","28"
"9502","12"
"9502","16"
"9502","10751"
"9502","35"
"346698","35"
"346698","12"
"857655","18"
"508883","16"
"508883","12"
"508883","14"
"1037113","35"
"976893","18"
"399566","28"
"399566","878"
"399566","53"
"157336","12"
"157336","18"
"157336","878"
"671","12"
"671","14"
"927107","28"
"927107","53"
"11","12"
"11","28"
"11","878"
"129","16"
"129","10751"
"129","14"
"475557","80"
"475557","53"
"475557","18"
"850165","18"
"850165","36"
"940551","16"
"940551","28"
"940551","12"
"940551","35"
"940551","10751"
"313369","35"
"313369","18"
"313369","10749"
"313369","10402"
"365620","36"
"365620","18"
"653346","878"
"653346","12"
"653346","28"
"124905","28"
"124905","18"
"124905","878"
"609681","878"
"609681","12"
"609681","28"
"353616","35"
"353616","10402"
"940721","878"
"940721","27"
"940721","28"
"348","27"
"348","878"
"838209","9648"
"838209","27"
"838209","53"
"636706","878"
"636706","12"
"636706","18"
"1005576","28"
"845111","12"
"845111","28"
"845111","18"
"140300","28"
"140300","12"
"140300","16"
"140300","35"
"140300","10751"
"19995","28"
"19995","12"
"19995","14"
"19995","878"
"49444","16"
"49444","10751"
"49444","35"
"837335","12"
"837335","10749"
"837335","35"
"837335","18"
"837335","14"
"974036","18"
"1039773","14"
"1039773","35"
"603692","28"
"603692","53"
"603692","80"
"666277","18"
"666277","10749"
"720321","878"
"720321","9648"
"720321","53"
"720321","28"
"679","28"
"679","53"
"679","878"
"1005578","28"
"1005578","18"
"838240","16"
"838240","35"
"838240","18"
"838240","10751"
"373571","878"
"373571","28"
"1041613","27"
"1041613","9648"
"1041613","53"
"155","18"
"155","28"
"155","80"
"155","53"
"786892","878"
"786892","28"
"786892","12"
"76600","878"
"76600","12"
"76600","28"
"1726","28"
"1726","878"
"1726","12"
"335984","878"
"335984","18"
"840430","35"
"840430","18"
"496243","35"
"496243","53"
"496243","18"
"569094","16"
"569094","28"
"569094","12"
"569094","878"
"105","12"
"105","35"
"105","878"
"998846","10402"
"998846","18"
"238","18"
"238","80"
"597","18"
"597","10749"
"245891","28"
"245891","53"
"78","878"
"78","18"
"78","53"
"1022690","35"
"4935","14"
"4935","16"
"4935","12"
"27205","28"
"27205","878"
"27205","12"
"447365","878"
"447365","12"
"447365","28"
"1106049","18"
"1106049","53"
"937287","18"
"937287","10749"
"897087","28"
"897087","35"
"10135","28"
"10135","53"
"993784","35"
"993784","27"
"993784","10749"
"841","28"
"841","878"
"841","12"
"1019420","10749"
"1019420","35"
"1019420","14"
"760774","36"
"760774","18"
"760774","10752"
"329","12"
"329","878"
"1046090","28"
"1046090","80"
"680","53"
"680","80"
"673593","35"
"784651","28"
"784651","53"
"784651","10752"
"672","12"
"672","14"
"533535","35"
"533535","878"
"533535","12"
"1072342","27"
"1072342","53"
"1239251","16"
"1239251","35"
"1239251","878"
"603","28"
"603","878"
"932420","878"
"932420","28"
"932420","80"
"22","12"
"22","14"
"22","28"
"550","18"
"293660","28"
"293660","12"
"293660","35"
"753342","18"
"753342","36"
"753342","10752"
"425909","14"
"425909","35"
"425909","12"
"293167","28"
"293167","12"
"293167","14"
"361743","28"
"361743","18"
"634649","28"
"634649","12"
"634649","878"
"1023922","80"
"1023922","27"
"1023922","53"
"808","16"
"808","35"
"808","14"
"808","12"
"808","10751"
"618588","18"
"618588","12"
"299534","12"
"299534","878"
"299534","28"
"718930","28"
"718930","35"
"718930","53"
"1227816","80"
"1227816","28"
"1227816","53"
"12445","14"
"12445","12"
"673","12"
"673","14"
"1094556","10751"
"1094556","878"
"1094556","28"
"1094556","35"
"76341","28"
"76341","12"
"76341","878"
"639720","35"
"639720","14"
"639720","18"
"639720","10751"
"639720","16"
"1216221","16"
"1216221","28"
"1216221","14"
"862","16"
"862","12"
"862","10751"
"862","35"
"1257130","10749"
"1257130","35"
"149","16"
"149","878"
"149","28"
"372058","16"
"372058","10749"
"372058","18"
"1893","12"
"1893","28"
"1893","878"
"466420","80"
"466420","36"
"466420","18"
"1032372","53"
"1032372","27"
"1242384","99"
"385687","28"
"385687","80"
"385687","53"
"1216512","16"
"1216512","35"
"1216512","10751"
"744857","27"
"744857","53"
"1056360","35"
"1056360","18"
"670292","28"
"670292","12"
"670292","878"
"1891","12"
"1891","28"
"1891","878"
"938614","27"
"1160164","10402"
"957304","35"
"957304","80"
"575264","28"
"575264","53"
"1026436","9648"
"1026436","53"
"1026436","18"
"1022789","16"
"1022789","10751"
"1022789","18"
"1022789","12"
"1022789","14"
"667538","28"
"667538","12"
"667538","878"
"976573","16"
"976573","35"
"976573","10751"
"976573","14"
"976573","10749"
"976573","12"
"1771","28"
"1771","12"
"1771","878"
"1858","12"
"1858","878"
"1858","28"
"891699","28"
"891699","12"
"891699","53"
"278","18"
"278","80"
"944401","28"
"944401","18"
"944401","80"
"299536","12"
"299536","28"
"299536","878"
"998022","18"
"998022","53"
"1261924","99"
"1261924","80"
"1024452","10749"
"1024452","35"
"674","12"
"674","14"
"934632","28"
"934632","878"
"934632","18"
"324552","28"
"324552","53"
"324552","80"
"299054","28"
"299054","12"
"299054","53"
"823482","35"
"823482","14"
"976584","12"
"976584","35"
"976584","18"
"118340","28"
"118340","878"
"118340","12"
"977331","12"
"977331","35"
"948549","80"
"948549","10749"
"948549","53"
"2756","12"
"2756","28"
"2756","53"
"2756","878"
"458156","28"
"458156","53"
"458156","80"
"12444","12"
"12444","14"
"920","16"
"920","12"
"920","35"
"920","10751"
"98","28"
"98","18"
"98","12"
"798612","36"
"798612","18"
"109445","16"
"109445","10751"
"109445","12"
"109445","14"
"1892","12"
"1892","28"
"1892","878"
"61791","53"
"61791","28"
"61791","18"
"61791","878"
"1895","12"
"1895","28"
"1895","878"
"767","12"
"767","14"
"284054","28"
"284054","12"
"284054","878"
"70160","878"
"70160","12"
"70160","14"
"297802","28"
"297802","12"
"297802","14"
"8392","14"
"8392","16"
"8392","10751"
"968051","27"
"968051","9648"
"13","35"
"13","18"
"13","10749"
"461130","878"
"461130","28"
"461130","80"
"10195","12"
"10195","14"
"10195","28"
"901362","16"
"901362","10751"
"901362","10402"
"901362","14"
"901362","35"
"675","12"
"675","14"
"848326","878"
"848326","18"
"848326","28"
"951491","27"
"951491","53"
"1156125","18"
"916224","16"
"916224","18"
"916224","12"
"916224","14"
"119450","878"
"119450","28"
"119450","18"
"119450","53"
"1182297","9648"
"1182297","53"
"1248795","10749"
"1248795","28"
"1248795","18"
"62","878"
"62","9648"
"62","12"
"12","16"
"12","10751"
"545611","28"
"545611","12"
"545611","878"
"329865","18"
"329865","878"
"329865","9648"
"10138","12"
"10138","28"
"10138","878"
"383498","28"
"383498","35"
"383498","12"
"965150","18"
"748783","16"
"748783","35"
"748783","10751"
"1079485","27"
"1079485","53"
"1079485","9648"
"49026","28"
"49026","80"
"49026","18"
"49026","53"
"1117321","27"
"1117321","53"
"578","27"
"578","53"
"578","12"
"1096197","28"
"1096197","27"
"1096197","53"
"507086","12"
"507086","28"
"507086","878"
"68721","28"
"68721","12"
"68721","878"
"507089","27"
"507089","9648"
"272","28"
"272","80"
"272","18"
"335983","878"
"335983","28"
"809","16"
"809","10751"
"809","35"
"809","14"
"809","12"
"573435","28"
"573435","53"
"573435","80"
"370172","28"
"370172","12"
"370172","53"
"354912","10751"
"354912","16"
"354912","10402"
"354912","12"
"640146","28"
"640146","12"
"640146","878"
"744","18"
"744","28"
"744","12"
"986355","99"
"840889","27"
"271110","12"
"271110","28"
"271110","878"
"10191","14"
"10191","12"
"10191","16"
"10191","10751"
"1020006","18"
"1020006","10749"
"1020006","10402"
"760104","27"
"760104","53"
"760104","9648"
"994108","10749"
"994108","18"
"994108","14"
"102899","878"
"102899","28"
"102899","12"
"58","12"
"58","14"
"58","28"
"562","28"
"562","53"
"324857","16"
"324857","28"
"324857","12"
"324857","878"
"989596","18"
"989596","35"
"524434","878"
"524434","28"
"524434","12"
"135397","28"
"135397","12"
"135397","878"
"135397","53"
"8587","10751"
"8587","16"
"8587","18"
"615","18"
"945961","878"
"945961","27"
"945961","53"
"823491","27"
"823491","53"
"165","12"
"165","35"
"165","878"
"111","28"
"111","80"
"111","18"
"85","12"
"85","28"
"620","35"
"620","14"
"20352","10751"
"20352","16"
"20352","35"
"330459","28"
"330459","12"
"330459","878"
"269149","16"
"269149","12"
"269149","10751"
"269149","35"
"982940","28"
"982940","9648"
"982940","53"
"982940","80"
"8966","14"
"8966","18"
"8966","10749"
"128","12"
"128","14"
"128","16"
"100402","28"
"100402","12"
"100402","878"
"286217","18"
"286217","12"
"286217","878"
"425","16"
"425","35"
"425","10751"
"425","12"
"49521","28"
"49521","12"
"49521","878"
"106","878"
"106","28"
"106","12"
"106","53"
"49051","12"
"49051","14"
"49051","28"
"7451","28"
"7451","12"
"7451","53"
"7451","80"
"585","16"
"585","35"
"585","10751"
"28","18"
"28","10752"
"794","27"
"794","53"
"577922","28"
"577922","53"
"577922","878"
"283995","878"
"283995","12"
"283995","28"
"4232","80"
"4232","27"
"4232","9648"
"505642","28"
"505642","12"
"505642","878"
"564","12"
"564","28"
"564","14"
"856289","28"
"856289","14"
"856289","10752"
"12429","16"
"12429","14"
"12429","10751"
"131631","878"
"131631","12"
"131631","53"
"14160","16"
"14160","35"
"14160","10751"
"14160","12"
"508943","16"
"508943","35"
"508943","14"
"508943","12"
"508943","10751"
"335977","12"
"335977","28"
"101299","12"
"101299","28"
"101299","878"
"453395","14"
"453395","28"
"453395","12"
"783675","16"
"783675","35"
"783675","18"
"120","12"
"120","14"
"120","28"
"38757","16"
"38757","10751"
"1008042","27"
"1008042","53"
"263115","28"
"263115","18"
"263115","878"
"1366","18"
"240","18"
"240","80"
"299537","28"
"299537","12"
"299537","878"
"281338","18"
"281338","878"
"281338","10752"
"285","12"
"285","14"
"285","28"
"758679","18"
"758679","53"
"254","12"
"254","18"
"254","28"
"244786","18"
"244786","10402"
"38","878"
"38","18"
"38","10749"
"284053","28"
"284053","12"
"284053","878"
"1271","28"
"1271","12"
"1271","10752"
"16859","16"
"16859","10751"
"16859","14"
"558915","18"
"16869","18"
"16869","53"
"16869","10752"
"900409","18"
"900409","53"
"900409","28"
"900409","12"
"284052","28"
"284052","12"
"284052","14"
"436969","28"
"436969","35"
"436969","12"
"277834","12"
"277834","35"
"277834","10751"
"277834","16"
"37165","35"
"37165","18"
"1129598","28"
"1129598","53"
"274","80"
"274","18"
"274","53"
"906126","18"
"906126","36"
"823625","28"
"823625","53"
"823625","18"
"823625","12"
"10515","12"
"10515","14"
"10515","16"
"10515","28"
"10515","10751"
"10515","10749"
"949423","27"
"949423","18"
"10144","16"
"10144","10751"
"10144","14"
"436270","28"
"436270","12"
"436270","878"
"339403","28"
"339403","80"
"616037","14"
"616037","28"
"616037","35"
"122917","28"
"122917","12"
"122917","14"
"926393","28"
"926393","53"
"926393","80"
"198663","28"
"198663","9648"
"198663","878"
"198663","53"
"1053592","18"
"1053592","28"
"1053592","53"
"615656","28"
"615656","878"
"615656","27"
"530915","10752"
"530915","28"
"530915","18"
"209112","28"
"209112","12"
"209112","14"
"1051023","35"
"1051023","80"
"1051023","53"
"1079346","53"
"1079346","80"
"1079346","10749"
"1865","12"
"1865","28"
"1865","14"
"1265647","27"
"1265647","28"
"1265647","14"
"1930","28"
"1930","12"
"1930","878"
"1368","28"
"1368","12"
"1368","53"
"1368","10752"
"140607","12"
"140607","28"
"140607","878"
"363088","28"
"363088","12"
"363088","878"
"694","27"
"694","53"
"351286","28"
"351286","12"
"351286","878"
"351286","53"
"315635","28"
"315635","12"
"315635","878"
"315635","18"
"64690","18"
"64690","53"
"64690","80"
"4011","14"
"4011","35"
"964960","18"
"964960","10749"
"558","28"
"558","12"
"558","878"
"9799","28"
"9799","80"
"9799","53"
"381288","27"
"381288","53"
"1134433","27"
"1134433","53"
"447277","12"
"447277","10751"
"447277","14"
"447277","10749"
"930564","18"
"930564","35"
"930564","53"
"917496","35"
"917496","27"
"917496","14"
"1018332","18"
"1018332","10752"
"70981","878"
"70981","12"
"70981","9648"
"9495","14"
"9495","28"
"9495","53"
"568124","16"
"568124","35"
"568124","10751"
"568124","14"
"99861","28"
"99861","12"
"99861","878"
"242","80"
"242","18"
"242","53"
"36557","12"
"36557","28"
"36557","53"
"24428","878"
"24428","28"
"24428","12"
"196","12"
"196","35"
"196","878"
"280","28"
"280","53"
"280","878"
"301528","10751"
"301528","12"
"301528","16"
"301528","35"
"301528","14"
"166426","12"
"166426","28"
"166426","14"
"1894","12"
"1894","28"
"1894","878"
"297761","28"
"297761","12"
"297761","14"
"76338","28"
"76338","12"
"76338","14"
"10193","16"
"10193","10751"
"10193","35"
"424","18"
"424","36"
"424","10752"
"842675","878"
"604","12"
"604","28"
"604","53"
"604","878"
"57158","14"
"57158","12"
"57158","28"
"6977","80"
"6977","18"
"6977","53"
"980489","12"
"980489","28"
"980489","18"
"502356","16"
"502356","10751"
"502356","12"
"502356","14"
"502356","35"
"9806","28"
"9806","12"
"9806","16"
"9806","10751"
"999501","10749"
"999501","35"
"999501","10402"
"259316","14"
"259316","12"
"330","12"
"330","28"
"330","878"
"10681","16"
"10681","10751"
"10681","878"
"550988","35"
"550988","12"
"550988","878"
"565770","28"
"565770","878"
"565770","12"
"678512","28"
"678512","18"
"1359","53"
"1359","18"
"1359","80"
"181808","12"
"181808","28"
"181808","878"
"565","27"
"565","9648"
"333339","12"
"333339","28"
"333339","878"
"2062","16"
"2062","35"
"2062","10751"
"2062","14"
"1050035","18"
"871","878"
"871","12"
"871","18"
"871","28"
"68718","18"
"68718","37"
"989589","18"
"989589","37"
"14836","16"
"14836","10751"
"14836","14"
"1071215","27"
"1071215","9648"
"1071215","53"
"324852","28"
"324852","16"
"324852","35"
"324852","10751"
"324852","12"
"1177096","16"
"1177096","35"
"273481","28"
"273481","80"
"273481","53"
"106646","80"
"106646","18"
"106646","35"
"315011","28"
"315011","878"
"315011","27"
"670","18"
"670","53"
"670","9648"
"670","28"
"863","16"
"863","35"
"863","10751"
"1027073","28"
"176","27"
"176","9648"
"176","80"
"5548","28"
"5548","53"
"5548","878"
"11324","18"
"11324","53"
"11324","9648"
"762504","27"
"762504","878"
"762504","9648"
"36647","27"
"36647","28"
"207703","80"
"207703","35"
"207703","28"
"207703","12"
"43074","28"
"43074","14"
"43074","35"
"2978","35"
"2978","14"
"126889","878"
"126889","27"
"126889","9648"
"580489","878"
"580489","28"
"580489","12"
"766507","53"
"766507","28"
"766507","878"
"1074049","35"
"646385","27"
"646385","9648"
"646385","53"
"447332","27"
"447332","18"
"447332","878"
"919207","18"
"919207","36"
"919207","10752"
"919207","53"
"919207","80"
"624860","878"
"624860","28"
"624860","12"
"937249","53"
"937249","878"
"937249","28"
"385128","28"
"385128","12"
"385128","80"
"131634","28"
"131634","12"
"131634","878"
"1111873","27"
"1111873","53"
"1111873","35"
"508442","16"
"508442","10751"
"508442","35"
"508442","14"
"929","878"
"929","28"
"929","53"
"10674","16"
"10674","10751"
"10674","12"
"210577","9648"
"210577","53"
"210577","18"
"734002","16"
"734002","18"
"734002","36"
"8077","878"
"8077","28"
"8077","27"
"1013240","28"
"1013240","80"
"1013240","18"
"1013240","9648"
"1013240","878"
"1013240","53"
"38055","16"
"38055","28"
"38055","35"
"38055","10751"
"38055","878"
"839369","18"
"839369","35"
"138843","27"
"138843","53"
"211672","10751"
"211672","16"
"211672","12"
"211672","35"
"949","28"
"949","80"
"949","18"
"807","80"
"807","9648"
"807","53"
"934433","27"
"934433","80"
"934433","53"
"14161","28"
"14161","12"
"14161","878"
"601796","878"
"601796","28"
"601796","14"
"601796","12"
"330457","10751"
"330457","16"
"330457","12"
"330457","35"
"330457","14"
"1075175","18"
"37724","28"
"37724","12"
"37724","53"
"297762","28"
"297762","12"
"297762","14"
"264660","18"
"264660","878"
"399579","28"
"399579","878"
"399579","12"
"374720","10752"
"374720","28"
"374720","18"
"566525","28"
"566525","12"
"566525","14"
"9659","12"
"9659","28"
"9659","53"
"9659","878"
"1026227","35"
"1026227","18"
"762430","53"
"7555","28"
"7555","53"
"7555","10752"
"331","12"
"331","28"
"331","53"
"331","878"
"93456","16"
"93456","35"
"93456","10751"
"91314","878"
"91314","28"
"91314","12"
"102382","28"
"102382","12"
"102382","878"
"1091","27"
"1091","9648"
"1091","878"
"843","18"
"843","10749"
"9615","28"
"9615","80"
"9615","18"
"9615","53"
"18785","35"
"122","12"
"122","14"
"122","28"
"161","53"
"161","80"
"1576","27"
"1576","28"
"1576","878"
"68726","28"
"68726","878"
"68726","12"
"429617","28"
"429617","12"
"429617","878"
"1124","18"
"1124","9648"
"1124","878"
"24","28"
"24","80"
"137113","28"
"137113","878"
"82702","14"
"82702","28"
"82702","12"
"82702","16"
"82702","35"
"82702","10751"
"557","28"
"557","878"
"9552","27"
"9552","53"
"9552","18"
"10494","16"
"10494","53"
"1924","878"
"1924","28"
"1924","12"
"2105","35"
"2105","10749"
"141","14"
"141","18"
"141","9648"
"11224","10751"
"11224","14"
"11224","16"
"11224","10749"
"559","28"
"559","12"
"559","878"
"38356","28"
"38356","878"
"38356","12"
"118","12"
"118","35"
"118","10751"
"118","14"
"1369","28"
"1369","12"
"1369","53"
"1369","10752"
"90","28"
"90","35"
"90","80"
"810","14"
"810","12"
"810","16"
"810","35"
"810","10751"
"955916","28"
"955916","35"
"955916","80"
"49013","16"
"49013","10751"
"49013","12"
"49013","35"
"975043","10749"
"975043","35"
"975043","18"
"181812","12"
"181812","28"
"181812","878"
"843843","53"
"843843","18"
"843843","12"
"44214","18"
"44214","53"
"44214","27"
"796185","12"
"796185","28"
"796185","18"
"796185","36"
"519182","16"
"519182","10751"
"519182","35"
"519182","12"
"338953","14"
"338953","12"
"166428","16"
"166428","10751"
"166428","12"
"769","18"
"769","80"
"493529","12"
"493529","14"
"493529","35"
"438148","16"
"438148","35"
"438148","10751"
"713704","27"
"713704","53"
"1039227","35"
"1039227","18"
"546554","35"
"546554","80"
"546554","9648"
"497","14"
"497","18"
"497","80"
"150540","16"
"150540","10751"
"150540","12"
"150540","18"
"150540","35"
"607","28"
"607","12"
"607","35"
"607","878"
"1160923","27"
"1160923","53"
"823452","18"
"823452","36"
"18","12"
"18","14"
"18","28"
"18","53"
"18","878"
"539","27"
"539","53"
"539","9648"
"8373","878"
"8373","28"
"8373","12"
"490132","18"
"490132","36"
"81","12"
"81","16"
"81","14"
"945729","9648"
"945729","53"
"945729","80"
"936622","28"
"936622","35"
"936622","878"
"980078","27"
"943134","878"
"943134","14"
"943134","12"
"943134","18"
"950","16"
"950","10751"
"950","35"
"950","12"
"948","27"
"948","53"
"664341","18"
"664341","53"
"664341","80"
"615777","18"
"615777","35"
"957452","28"
"957452","14"
"957452","27"
"1592","80"
"1592","18"
"1592","9648"
"1592","53"
"315162","16"
"315162","12"
"315162","14"
"315162","35"
"315162","28"
"315162","10751"
"359724","18"
"359724","28"
"359724","36"
"4247","35"
"82690","10751"
"82690","16"
"82690","35"
"82690","12"
"791373","28"
"791373","12"
"791373","14"
"635910","53"
"635910","27"
"260514","10751"
"260514","16"
"260514","12"
"260514","35"
"626412","878"
"626412","28"
"626412","14"
"626412","12"
"1266125","80"
"1266125","9648"
"194","35"
"194","10749"
"8355","16"
"8355","35"
"8355","10751"
"8355","12"
"1110390","10749"
"1110390","35"
"1110390","878"
"1110390","18"
"149870","18"
"149870","16"
"149870","10749"
"149870","10752"
"107","80"
"107","35"
"609271","16"
"609271","35"
"609271","10751"
"609271","10749"
"849509","28"
"849509","53"
"335787","28"
"335787","12"
"701121","27"
"701121","53"
"37799","18"
"1039882","10749"
"1039882","18"
"216015","18"
"216015","10749"
"216015","53"
"127380","12"
"127380","16"
"127380","35"
"127380","10751"
"27578","53"
"27578","12"
"27578","28"
"450465","53"
"450465","18"
"450465","878"
"1160003","27"
"1160003","9648"
"1160003","53"
"101","80"
"101","18"
"101","28"
"277","14"
"277","28"
"277","53"
"1106299","16"
"1106299","18"
"72190","28"
"72190","18"
"72190","27"
"72190","878"
"72190","53"
"136799","10751"
"136799","16"
"136799","14"
"136799","12"
"136799","35"
"136799","10402"
"790462","878"
"790462","53"
"1487","14"
"1487","28"
"1422","18"
"1422","53"
"1422","80"
"637649","28"
"637649","80"
"637649","53"
"10625","18"
"10625","35"
"799583","10752"
"799583","18"
"799583","28"
"799583","35"
"1927","878"
"1927","12"
"1927","28"
"801112","18"
"801112","36"
"6479","18"
"6479","878"
"6479","53"
"94329","28"
"94329","53"
"94329","80"
"103","80"
"103","18"
"77","9648"
"77","53"
"4977","16"
"4977","878"
"4977","53"
"621587","35"
"621587","18"
"49047","878"
"49047","53"
"49047","18"
"764","27"
"10192","35"
"10192","12"
"10192","14"
"10192","16"
"10192","10751"
"747188","35"
"747188","18"
"1014590","10749"
"1014590","35"
"640","18"
"640","80"
"807172","27"
"665733","18"
"536437","9648"
"536437","53"
"536437","28"
"536437","878"
"345940","28"
"345940","878"
"345940","27"
"389","18"
"1100205","53"
"1139829","16"
"1139829","10751"
"1139829","35"
"1139829","14"
"953","10751"
"953","16"
"953","12"
"953","35"
"350","18"
"350","35"
"338952","14"
"338952","12"
"177572","12"
"177572","10751"
"177572","16"
"177572","28"
"177572","35"
"335797","16"
"335797","35"
"335797","10751"
"335797","10402"
"747","27"
"747","35"
"9487","10751"
"9487","16"
"9487","12"
"9487","35"
"758323","27"
"758323","53"
"986280","10749"
"986280","35"
"986280","18"
"9340","12"
"9340","35"
"9340","10751"
"1045931","35"
"1045931","18"
"520763","878"
"520763","53"
"520763","27"
"137106","16"
"137106","10751"
"137106","12"
"137106","35"
"137106","14"
"1096342","10749"
"1096342","35"
"1096342","18"
"109428","27"
"700391","878"
"700391","28"
"700391","53"
"840326","28"
"840326","10752"
"840326","12"
"335","18"
"335","37"
"408","14"
"408","16"
"408","10751"
"20526","12"
"20526","28"
"20526","878"
"938","37"
"335988","28"
"335988","12"
"335988","878"
"665","36"
"665","18"
"665","12"
"665","28"
"9532","27"
"11621","10751"
"11621","35"
"11621","16"
"11621","12"
"476669","28"
"476669","35"
"476669","12"
"476669","53"
"869","53"
"869","878"
"869","28"
"869","12"
"420818","12"
"420818","18"
"420818","10751"
"420818","16"
"62177","16"
"62177","12"
"62177","35"
"62177","10751"
"62177","28"
"62177","14"
"396535","27"
"396535","53"
"396535","28"
"396535","12"
"605","12"
"605","28"
"605","53"
"605","878"
"41154","28"
"41154","35"
"41154","878"
"629542","10751"
"629542","16"
"629542","12"
"629542","35"
"881460","878"
"881460","27"
"881460","12"
"493922","27"
"493922","9648"
"493922","53"
"931102","28"
"931102","35"
"931102","18"
"185","878"
"185","80"
"9837","12"
"9837","16"
"9837","18"
"9837","10751"
"646","12"
"646","28"
"646","53"
"11104","18"
"11104","35"
"11104","10749"
"121","12"
"121","14"
"121","28"
"601","878"
"601","12"
"601","10751"
"601","14"
"793961","878"
"793961","53"
"793961","18"
"377","27"
"136400","28"
"136400","35"
"136400","80"
"240832","28"
"240832","878"
"218","28"
"218","53"
"218","878"
"627","18"
"627","80"
"120467","35"
"120467","18"
"115","35"
"115","80"
"792293","36"
"792293","35"
"792293","18"
"526896","28"
"526896","878"
"526896","14"
"1192209","16"
"1192209","10402"
"1192209","35"
"146233","18"
"146233","53"
"146233","80"
"602","28"
"602","12"
"602","878"
"800158","80"
"800158","53"
"857","18"
"857","36"
"857","10752"
"530385","27"
"530385","18"
"530385","9648"
"489","18"
"423","18"
"423","10752"
"75656","53"
"75656","80"
"252","10751"
"252","14"
"252","35"
"508947","16"
"508947","10751"
"508947","35"
"508947","14"
"884605","35"
"884605","10749"
"273248","18"
"273248","9648"
"273248","37"
"438695","16"
"438695","10751"
"438695","10402"
"438695","35"
"598","18"
"598","80"
"861","28"
"861","12"
"861","878"
"11036","10749"
"11036","18"
"343668","28"
"343668","12"
"343668","35"
"281957","37"
"281957","18"
"281957","12"
"152601","10749"
"152601","878"
"152601","18"
"1114513","27"
"1114513","53"
"289","18"
"289","10749"
"1018","53"
"1018","18"
"1018","9648"
"207","18"
"17654","878"
"882569","10752"
"882569","28"
"882569","53"
"11460","53"
"11460","9648"
"535167","878"
"535167","28"
"535167","18"
"1370","28"
"1370","12"
"1370","53"
"1370","10752"
"985617","18"
"985617","53"
"423108","27"
"423108","9648"
"423108","53"
"882598","27"
"882598","9648"
"882598","53"
"398818","10749"
"398818","18"
"1637","28"
"1637","12"
"1637","80"
"649609","35"
"649609","27"
"649609","14"
"51497","28"
"51497","53"
"51497","80"
"1678","53"
"1678","27"
"1678","878"
"1734","12"
"1734","28"
"1734","14"
"705996","53"
"705996","9648"
"705996","10749"
"927","14"
"927","27"
"927","35"
"639933","28"
"639933","12"
"639933","14"
"133805","18"
"133805","27"
"464052","28"
"464052","12"
"464052","14"
"168259","28"
"168259","53"
"168259","80"
"170","27"
"170","53"
"170","878"
"818397","28"
"818397","53"
"818397","80"
"348350","878"
"348350","12"
"348350","28"
"652","12"
"652","36"
"652","10752"
"652","28"
"9741","53"
"9741","18"
"9741","9648"
"1495","18"
"1495","28"
"1495","12"
"1495","36"
"1495","10752"
"324786","18"
"324786","36"
"324786","10752"
"206647","28"
"206647","12"
"206647","53"
"406","18"
"503417","10749"
"503417","35"
"503417","18"
"7191","28"
"7191","53"
"7191","878"
"57800","16"
"57800","35"
"57800","12"
"57800","10751"
"466272","35"
"466272","18"
"466272","53"
"1572","28"
"1572","53"
"429","37"
"1027356","18"
"1027356","10749"
"1027356","53"
"439079","27"
"290250","35"
"290250","80"
"290250","28"
"661374","35"
"661374","80"
"661374","9648"
"752","28"
"752","53"
"752","878"
"8810","12"
"8810","28"
"8810","53"
"8810","878"
"726209","18"
"726209","9648"
"726209","53"
"260513","28"
"260513","12"
"260513","16"
"260513","10751"
"1417","14"
"1417","18"
"1417","10752"
"536554","878"
"536554","27"
"11631","35"
"11631","10749"
"384018","28"
"384018","12"
"384018","35"
"598387","16"
"598387","28"
"598387","12"
"598387","10751"
"598387","14"
"524","80"
"524","18"
"524","36"
"641","80"
"641","18"
"545609","28"
"545609","53"
"1043565","9648"
"1043565","53"
"1043565","80"
"970348","18"
"717930","28"
"717930","53"
"1010581","18"
"1010581","10749"
"1139566","10749"
"1139566","18"
"1139566","35"
"393","28"
"393","80"
"393","53"
"1251636","99"
"1251636","10752"
"1251636","36"
"451048","28"
"451048","12"
"451048","14"
"950253","80"
"950253","14"
"950253","27"
"950253","28"
"950253","53"
"950253","9648"
"1051896","878"
"1051896","53"
"1051896","27"
"859235","35"
"859235","18"
"859235","10749"
"187","53"
"187","28"
"187","80"
"46195","16"
"46195","12"
"46195","35"
"46195","10751"
"51739","14"
"51739","16"
"51739","10751"
"6844","18"
"6844","36"
"714567","53"
"714567","27"
"714567","18"
"302946","80"
"302946","53"
"302946","18"
"969173","18"
"969173","53"
"969173","36"
"45612","53"
"45612","878"
"45612","9648"
"594767","35"
"594767","28"
"594767","14"
"758866","18"
"337339","28"
"337339","80"
"337339","53"
"1724","878"
"1724","28"
"1724","12"
"336843","878"
"336843","28"
"336843","12"
"336843","53"
"197","28"
"197","18"
"197","36"
"197","10752"
"1573","28"
"1573","53"
"138103","28"
"138103","12"
"138103","53"
"337401","12"
"337401","14"
"337401","18"
"337401","28"
"77338","18"
"77338","35"
"500","80"
"500","53"
"9323","28"
"9323","16"
"9323","878"
"9738","28"
"9738","14"
"9738","878"
"739405","28"
"739405","53"
"739405","35"
"739405","12"
"1949","80"
"1949","18"
"1949","9648"
"1949","53"
"2048","28"
"2048","878"
"402431","18"
"402431","14"
"402431","10749"
"879","12"
"879","14"
"879","35"
"879","10751"
"563","12"
"563","28"
"563","53"
"563","878"
"294254","878"
"294254","28"
"294254","53"
"294254","12"
"933131","878"
"933131","28"
"1118035","35"
"591","53"
"591","9648"
"287947","28"
"287947","35"
"287947","14"
"76492","16"
"76492","35"
"76492","10751"
"76492","14"
"1058616","99"
"1058616","10752"
"584","28"
"584","80"
"584","53"
"157350","28"
"157350","12"
"157350","878"
"122906","18"
"122906","10749"
"122906","14"
"38700","53"
"38700","28"
"38700","80"
"516486","10752"
"516486","28"
"516486","18"
"21484","27"
"424694","10402"
"424694","18"
"1571","28"
"1571","53"
"614930","16"
"614930","35"
"614930","28"
"614930","878"
"977966","18"
"977966","10749"
"855","28"
"855","10752"
"855","36"
"668340","18"
"985939","53"
"10997","18"
"76","18"
"76","10749"
"828899","16"
"828899","35"
"828899","10402"
"345","18"
"345","53"
"345","9648"
"412656","14"
"412656","878"
"412656","12"
"710","12"
"710","28"
"710","53"
"95","28"
"95","53"
"95","878"
"95","12"
"576845","9648"
"576845","53"
"576845","27"
"1017163","80"
"1017163","28"
"1017163","18"
"697843","28"
"697843","53"
"10315","12"
"10315","16"
"10315","35"
"10315","10751"
"729854","53"
"729854","878"
"729854","18"
"10693","16"
"10693","10751"
"10693","12"
"10693","14"
"1230242","99"
"614934","18"
"614934","10402"
"937746","12"
"937746","18"
"1995","12"
"1995","14"
"1995","28"
"1995","53"
"2493","12"
"2493","10751"
"2493","14"
"2493","35"
"2493","10749"
"1029575","28"
"1029575","35"
"593643","35"
"593643","53"
"593643","27"
"19908","35"
"19908","27"
"75780","80"
"75780","18"
"75780","53"
"75780","28"
"205596","36"
"205596","18"
"205596","53"
"205596","10752"
"862557","36"
"862557","18"
"1147351","35"
"11360","16"
"11360","10751"
"785084","18"
"1577","27"
"1577","28"
"1577","878"
"12477","16"
"12477","18"
"12477","10752"
"635302","28"
"635302","16"
"635302","12"
"635302","14"
"635302","53"
"433","35"
"433","10751"
"433","14"
"1067282","28"
"1067282","16"
"1067282","14"
"62211","16"
"62211","10751"
"395","12"
"395","878"
"395","28"
"395","27"
"8358","12"
"8358","18"
"300668","878"
"300668","27"
"97","878"
"97","28"
"97","12"
"87","12"
"87","28"
"295693","16"
"295693","35"
"295693","10751"
"406759","878"
"406759","12"
"406759","28"
"42252","37"
"14","18"
"10895","16"
"10895","10751"
"10895","14"
"4638","80"
"4638","28"
"4638","35"
"9480","14"
"9480","28"
"37135","10751"
"37135","12"
"37135","16"
"37135","18"
"9003","27"
"9003","53"
"9003","14"
"204","18"
"204","53"
"204","12"
"8078","878"
"8078","27"
"8078","28"
"762441","27"
"762441","878"
"762441","53"
"102651","14"
"102651","12"
"102651","28"
"102651","10751"
"102651","10749"
"337404","35"
"337404","80"
"1264854","18"
"1264854","10749"
"615457","28"
"615457","53"
"11867","878"
"11867","28"
"11867","12"
"677179","18"
"677179","28"
"315837","878"
"315837","18"
"315837","28"
"1136512","878"
"1136512","53"
"1136512","18"
"1136512","9648"
"2109","28"
"2109","35"
"2109","80"
"833339","18"
"833339","27"
"833339","53"
"37136","35"
"37136","80"
"503919","18"
"503919","14"
"503919","53"
"8665","18"
"8665","36"
"8665","53"
"8665","9648"
"8665","10752"
"76170","28"
"76170","878"
"76170","12"
"13183","28"
"13183","9648"
"13183","878"
"924","28"
"924","27"
"924","80"
"924","18"
"924","14"
"1059572","16"
"1059572","35"
"89","12"
"89","28"
"65754","53"
"65754","80"
"65754","9648"
"1145851","27"
"1145851","12"
"49530","28"
"49530","53"
"49530","878"
"9737","28"
"9737","35"
"9737","80"
"9737","53"
"163","53"
"163","80"
"39538","18"
"39538","53"
"39538","878"
"977013","27"
"977013","53"
"1885","28"
"1885","10751"
"1885","18"
"13804","28"
"13804","80"
"13804","18"
"13804","53"
"770","18"
"770","10752"
"770","10749"
"11688","12"
"11688","16"
"11688","35"
"11688","10751"
"11688","14"
"1252428","53"
"1252428","12"
"282035","14"
"282035","53"
"282035","28"
"282035","12"
"282035","27"
"411","12"
"411","10751"
"411","14"
"190859","10752"
"190859","28"
"428078","12"
"428078","878"
"10882","14"
"10882","16"
"10882","10749"
"10882","10751"
"34130","35"
"34130","37"
"270303","27"
"270303","9648"
"882059","28"
"882059","53"
"882059","878"
"497698","28"
"497698","12"
"497698","878"
"365177","28"
"365177","878"
"365177","12"
"456740","14"
"456740","27"
"456740","28"
"456740","12"
"149871","16"
"149871","18"
"149871","14"
"505026","9648"
"505026","80"
"505026","53"
"1263249","878"
"1263249","28"
"75612","28"
"75612","878"
"75612","12"
"75612","9648"
"848187","28"
"848187","35"
"848187","10749"
"3933","10749"
"3933","14"
"3933","16"
"520758","10751"
"520758","16"
"520758","12"
"520758","35"
"10830","35"
"10830","10751"
"10830","14"
"524047","28"
"524047","53"
"524047","18"
"23483","28"
"23483","80"
"1701","28"
"1701","53"
"1701","80"
"1001500","18"
"316029","18"
"634","35"
"634","10749"
"634","18"
"338970","28"
"338970","12"
"338970","14"
"268896","28"
"268896","14"
"268896","878"
"268896","12"
"15","9648"
"15","18"
"404368","10751"
"404368","16"
"404368","35"
"404368","12"
"259693","27"
"460458","27"
"460458","878"
"460458","28"
"49046","18"
"49046","10752"
"49046","28"
"141052","28"
"141052","12"
"141052","878"
"7345","18"
"1124127","28"
"1124127","53"
"424783","28"
"424783","12"
"424783","878"
"97020","878"
"97020","28"
"97020","80"
"82992","28"
"82992","53"
"82992","80"
"765","27"
"765","35"
"765","14"
"4327","28"
"4327","12"
"4327","35"
"4327","80"
"4327","53"
"583","35"
"47964","28"
"47964","53"
"696047","35"
"696047","80"
"96","28"
"96","35"
"96","80"
"37797","16"
"37797","18"
"37797","10751"
"9471","28"
"9471","12"
"9471","35"
"9942","35"
"9461","28"
"10020","10749"
"10020","10751"
"10020","16"
"10020","14"
"527774","16"
"527774","10751"
"527774","14"
"527774","28"
"527774","12"
"278154","12"
"278154","16"
"278154","10751"
"278154","35"
"228150","10752"
"228150","18"
"228150","28"
"1593","28"
"1593","12"
"1593","35"
"1593","10751"
"1593","14"
"402","53"
"402","9648"
"10764","12"
"10764","28"
"10764","53"
"10764","80"
"1074299","27"
"1074299","53"
"9732","10751"
"9732","12"
"9732","16"
"9732","28"
"68735","28"
"68735","12"
"68735","14"
"856","14"
"856","16"
"856","35"
"856","80"
"1214523","99"
"44896","16"
"44896","35"
"44896","10751"
"44896","37"
"44896","12"
"1250","53"
"1250","28"
"1250","14"
"36658","12"
"36658","28"
"36658","878"
"76163","28"
"76163","12"
"76163","53"
"567","53"
"567","9648"
"142","18"
"142","10749"
"961323","12"
"961323","16"
"961323","14"
"961323","10751"
"312221","28"
"312221","18"
"600","18"
"600","10752"
"38575","28"
"38575","12"
"38575","18"
"38575","10751"
"86834","18"
"86834","12"
"658","12"
"658","28"
"658","53"
"1010600","27"
"1010600","53"
"1254853","27"
"1254853","53"
"1254853","35"
"1254853","9648"
"1374","18"
"328111","12"
"328111","35"
"328111","16"
"328111","10751"
"664413","10749"
"664413","18"
"568","18"
"568","36"
"7446","28"
"7446","35"
"7446","12"
"7446","10752"
"158852","12"
"158852","10751"
"158852","9648"
"158852","878"
"608","28"
"608","35"
"608","878"
"9016","12"
"9016","16"
"9016","10751"
"9016","14"
"9016","878"
"814776","35"
"718821","28"
"718821","12"
"718821","18"
"1087388","27"
"1087388","53"
"87827","12"
"87827","18"
"4922","18"
"4922","14"
"4922","10749"
"9593","12"
"9593","14"
"9593","28"
"9593","35"
"9593","10751"
"869760","14"
"869760","28"
"869760","35"
"869760","878"
"845643","27"
"630","12"
"630","14"
"630","10751"
"1735","12"
"1735","28"
"1735","14"
"921452","18"
"921452","36"
"921452","10749"
"39254","28"
"39254","878"
"39254","18"
"166424","28"
"166424","12"
"166424","878"
"1020784","80"
"1020784","28"
"1127175","53"
"1127175","27"
"621","10749"
"621","35"
"936385","18"
"936385","10749"
"137","10749"
"137","14"
"137","18"
"137","35"
"306","28"
"306","35"
"306","80"
"7443","16"
"7443","35"
"7443","10751"
"172385","16"
"172385","12"
"172385","35"
"172385","10751"
"1229913","35"
"250546","27"
"675353","28"
"675353","12"
"675353","10751"
"675353","35"
"8741","18"
"8741","36"
"8741","10752"
"9802","28"
"9802","12"
"9802","53"
"427641","28"
"427641","12"
"427641","878"
"7340","27"
"7340","53"
"291805","80"
"291805","53"
"291805","28"
"291805","9648"
"435","28"
"435","12"
"435","878"
"435","53"
"15371","10751"
"15371","16"
"15371","12"
"15371","35"
"15371","80"
"127585","28"
"127585","12"
"127585","878"
"1089","28"
"1089","53"
"1089","80"
"664","28"
"664","12"
"664","18"
"49538","28"
"49538","878"
"49538","12"
"709631","27"
"774752","35"
"774752","878"
"774752","12"
"2667","27"
"2667","9648"
"11906","27"
"1241982","16"
"1241982","12"
"1241982","10751"
"1241982","35"
"1241982","14"
"13053","16"
"13053","10751"
"13053","12"
"13053","35"
"341013","28"
"341013","53"
"958006","35"
"958006","80"
"346910","878"
"346910","28"
"346910","12"
"1241755","18"
"320288","878"
"320288","28"
"320288","12"
"8051","10749"
"8051","18"
"8051","35"
"1830","80"
"1830","18"
"1830","53"
"746","18"
"746","36"
"378064","16"
"378064","18"
"254320","35"
"254320","18"
"254320","10749"
"9387","12"
"9387","14"
"9387","28"
"10340","10751"
"10340","16"
"10340","10749"
"568160","16"
"568160","18"
"568160","14"
"568160","10749"
"1062807","16"
"1062807","35"
"1062807","12"
"1062807","28"
"804150","53"
"804150","35"
"804150","80"
"9566","53"
"9566","28"
"9566","18"
"8835","35"
"8835","10749"
"813","35"
"419704","878"
"419704","18"
"2046","27"
"2046","18"
"2046","53"
"2046","9648"
"34851","878"
"34851","28"
"34851","53"
"854","10749"
"854","35"
"854","80"
"854","14"
"752623","28"
"752623","12"
"752623","35"
"274870","18"
"274870","10749"
"274870","878"
"217","12"
"217","28"
"646380","35"
"646380","878"
"646380","18"
"798286","35"
"798286","12"
"798286","14"
"947","12"
"947","36"
"947","10752"
"479455","35"
"479455","878"
"479455","28"
"2164","28"
"2164","12"
"2164","878"
"440","14"
"440","28"
"440","878"
"440","53"
"440","27"
"150689","10749"
"150689","14"
"150689","10751"
"150689","18"
"11423","80"
"11423","18"
"11423","53"
"324668","28"
"324668","53"
"2666","9648"
"2666","878"
"11253","14"
"11253","12"
"11253","28"
"398978","80"
"398978","18"
"398978","36"
"381284","18"
"381284","36"
"53182","28"
"53182","18"
"53182","10752"
"19912","27"
"19912","9648"
"290098","53"
"290098","18"
"290098","10749"
"1118595","27"
"1118595","53"
"1118595","9648"
"756999","80"
"756999","18"
"756999","27"
"756999","53"
"806","27"
"806","9648"
"806","53"
"756","16"
"756","10751"
"756","14"
"18239","12"
"18239","14"
"18239","18"
"18239","10749"
"957","35"
"957","878"
"1075794","16"
"1075794","35"
"1075794","10751"
"894205","28"
"894205","14"
"894205","27"
"49018","27"
"49018","53"
"80321","16"
"80321","10751"
"80321","35"
"80321","12"
"718789","16"
"718789","878"
"718789","10751"
"718789","12"
"1538","18"
"1538","80"
"1538","53"
"1062372","16"
"1062372","28"
"1062372","12"
"1062372","14"
"1062372","878"
"35791","28"
"35791","12"
"35791","27"
"35791","878"
"942881","16"
"942881","18"
"942881","9648"
"942881","14"
"10527","10751"
"10527","12"
"10527","16"
"10527","35"
"955555","28"
"955555","80"
"955555","35"
"955555","53"
"153","18"
"153","10749"
"1058638","18"
"1058638","27"
"10386","10751"
"10386","16"
"10386","878"
"10386","12"
"619803","28"
"619803","80"
"619803","35"
"619803","53"
"318846","35"
"318846","18"
"251","14"
"251","18"
"251","53"
"251","9648"
"251","10749"
"19913","35"
"19913","18"
"19913","10749"
"1211957","28"
"1211957","53"
"324849","16"
"324849","28"
"324849","35"
"324849","10751"
"581","12"
"581","18"
"581","37"
"391713","18"
"391713","35"
"9297","16"
"9297","35"
"9297","10751"
"9297","14"
"194662","18"
"194662","35"
"9614","35"
"1948","28"
"1948","53"
"1948","80"
"424139","27"
"424139","53"
"472221","18"
"472221","12"
"169","878"
"169","28"
"169","53"
"59967","28"
"59967","53"
"59967","878"
"823598","80"
"823598","18"
"2108","35"
"2108","18"
"1083862","16"
"1083862","28"
"1083862","27"
"159824","16"
"159824","35"
"159824","10751"
"159824","14"
"162","14"
"162","18"
"162","10749"
"970943","36"
"970943","18"
"646389","28"
"24021","12"
"24021","14"
"24021","18"
"24021","10749"
"588228","28"
"588228","878"
"588228","12"
"1537","53"
"1537","28"
"1537","18"
"724209","53"
"724209","28"
"11216","18"
"11216","10749"
"15121","18"
"15121","10751"
"15121","10402"
"15121","10749"
"5175","28"
"5175","35"
"5175","80"
"1669","28"
"1669","12"
"1669","53"
"1096462","18"
"1096462","53"
"1109237","35"
"1109237","18"
"22803","18"
"22803","80"
"22803","53"
"8363","35"
"332562","10402"
"332562","18"
"332562","10749"
"619730","53"
"619730","9648"
"619730","18"
"13597","12"
"13597","10751"
"13597","14"
"399055","18"
"399055","14"
"399055","10749"
"1367","18"
"9358","27"
"9358","9648"
"719221","27"
"719221","53"
"912908","35"
"912908","12"
"975056","18"
"975056","36"
"9355","28"
"9355","12"
"9355","878"
"447200","28"
"447200","53"
"447200","12"
"388","80"
"388","18"
"388","53"
"1213","53"
"1213","80"
"1213","18"
"1039482","35"
"1039482","53"
"1039482","80"
"616","18"
"616","28"
"616","10752"
"629","18"
"629","80"
"629","53"
"9362","27"
"9362","28"
"9362","878"
"9362","35"
"10320","18"
"10320","27"
"10320","53"
"1140648","878"
"1140648","27"
"1140648","53"
"614479","27"
"614479","9648"
"614479","53"
"829038","27"
"829038","53"
"1256665","18"
"1256665","10749"
"262504","12"
"262504","878"
"262504","28"
"262504","9648"
"30497","27"
"8961","28"
"8961","80"
"8961","35"
"1070802","53"
"1070802","28"
"1070802","9648"
"1257801","878"
"1257801","18"
"1257801","53"
"617126","878"
"617126","12"
"816","878"
"816","35"
"816","80"
"50620","12"
"50620","14"
"50620","18"
"50620","10749"
"7737","27"
"7737","28"
"7737","878"
"333371","53"
"333371","878"
"333371","18"
"333371","27"
"891933","10749"
"891933","35"
"891933","18"
"19901","28"
"19901","14"
"19901","878"
"262500","28"
"262500","12"
"262500","878"
"262500","53"
"56292","28"
"56292","53"
"56292","12"
"1372","18"
"1372","53"
"1372","28"
"17431","878"
"17431","18"
"1073087","35"
"446893","10751"
"446893","16"
"446893","35"
"446893","14"
"446893","12"
"446893","10402"
"346","28"
"346","18"
"64682","18"
"64682","10749"
"400535","28"
"400535","80"
"400535","53"
"2300","10751"
"2300","16"
"2300","35"
"2300","878"
"522938","28"
"522938","53"
"522938","18"
"114150","35"
"114150","10402"
"114150","10749"
"628922","18"
"628922","53"
"117263","28"
"117263","53"
"49049","28"
"49049","878"
"893723","16"
"893723","10751"
"893723","28"
"893723","878"
"893723","35"
"893723","18"
"893723","12"
"974262","14"
"974262","12"
"974262","10751"
"974262","35"
"1103501","53"
"1103501","18"
"1103501","80"
"537915","10749"
"537915","18"
"1954","878"
"1954","53"
"296096","18"
"296096","10749"
"423204","28"
"423204","53"
"27582","28"
"27582","53"
"27582","80"
"9470","28"
"9470","35"
"9470","80"
"9470","14"
"804095","18"
"10601","12"
"10601","14"
"10601","10751"
"1402","18"
"9479","14"
"9479","16"
"9479","10751"
"402900","80"
"402900","35"
"402900","28"
"1108427","12"
"1108427","35"
"1108427","10751"
"1108427","14"
"1255","27"
"1255","18"
"1255","878"
"858","35"
"858","18"
"858","10749"
"1068625","53"
"1068625","10770"
"5174","28"
"5174","35"
"5174","80"
"844417","9648"
"844417","53"
"844417","80"
"9556","28"
"9556","878"
"9556","53"
"531428","18"
"531428","10749"
"605886","53"
"965890","878"
"965890","14"
"965890","27"
"353081","28"
"353081","12"
"300671","10752"
"300671","28"
"300671","36"
"300671","18"
"525","10402"
"525","35"
"525","28"
"525","80"
"9543","12"
"9543","14"
"9543","28"
"631842","53"
"631842","9648"
"631842","27"
"872","35"
"872","10749"
"1242397","99"
"581734","18"
"850099","878"
"850099","18"
"850099","53"
"937278","35"
"937278","18"
"64686","18"
"64686","28"
"64686","14"
"2024","18"
"2024","36"
"2024","10752"
"2024","28"
"173897","28"
"173897","27"
"173897","878"
"8009","12"
"8009","28"
"8009","14"
"745","9648"
"745","53"
"745","18"
"559907","12"
"559907","18"
"559907","14"
"337167","18"
"337167","10749"
"1266741","35"
"9426","27"
"9426","878"
"746036","28"
"746036","35"
"746036","12"
"1127087","27"
"1127087","53"
"766","14"
"766","27"
"766","35"
"9654","28"
"9654","80"
"613","18"
"613","36"
"613","10752"
"1979","878"
"1979","12"
"1979","28"
"14462","18"
"14462","53"
"14462","9648"
"55779","27"
"55779","9648"
"840","878"
"840","18"
"1152624","28"
"1152624","12"
"1152624","10752"
"71679","28"
"71679","27"
"71679","878"
"1832","14"
"1832","35"
"1832","12"
"2503","28"
"2503","18"
"2503","9648"
"2503","53"
"290859","878"
"290859","28"
"107846","28"
"107846","53"
"443791","27"
"443791","878"
"443791","28"
"443791","12"
"391","37"
"510","18"
"9804","12"
"9804","28"
"9804","878"
"73","18"
"804","10749"
"804","35"
"804","18"
"47933","28"
"47933","12"
"47933","878"
"991197","80"
"991197","28"
"50619","12"
"50619","14"
"50619","10749"
"15370","12"
"15370","14"
"15370","16"
"15370","18"
"15370","10751"
"1620","28"
"1620","53"
"1620","18"
"459003","16"
"459003","12"
"459003","10751"
"459003","14"
"800939","18"
"800939","35"
"800939","10749"
"86829","18"
"86829","10402"
"4488","27"
"508439","10751"
"508439","16"
"508439","12"
"508439","35"
"508439","14"
"616747","14"
"616747","35"
"616747","27"
"616747","10751"
"1040148","16"
"1040148","10751"
"1040148","14"
"1040148","35"
"843846","37"
"843846","18"
"984249","28"
"984249","53"
"9739","80"
"9739","28"
"9739","878"
"10198","16"
"10198","10749"
"10198","14"
"10198","10751"
"818","35"
"818","80"
"818","878"
"68724","878"
"68724","28"
"68724","18"
"68724","53"
"1238400","99"
"10112","16"
"10112","35"
"10112","10751"
"10112","12"
"9693","18"
"9693","28"
"9693","53"
"9693","878"
"279","36"
"279","10402"
"279","18"
"310131","27"
"310131","9648"
"310131","18"
"981324","27"
"509","10749"
"509","35"
"1128345","18"
"420809","10751"
"420809","14"
"420809","12"
"420809","28"
"14324","12"
"14324","28"
"14324","35"
"14324","10749"
"602269","18"
"602269","80"
"602269","53"
"496","35"
"791177","18"
"791177","27"
"791177","10749"
"114","35"
"114","10749"
"782","53"
"782","878"
"782","9648"
"782","10749"
"364","28"
"364","14"
"33","37"
"555604","16"
"555604","14"
"555604","18"
"555604","10751"
"637","35"
"637","18"
"609","27"
"254128","28"
"254128","18"
"254128","53"
"25237","18"
"25237","10752"
"588","27"
"588","9648"
"18491","16"
"18491","878"
"18491","28"
"18491","18"
"951","35"
"534","28"
"534","878"
"534","53"
"244","12"
"244","14"
"244","27"
"1006012","18"
"116149","35"
"116149","12"
"116149","10751"
"2454","12"
"2454","10751"
"2454","14"
"105864","12"
"105864","16"
"105864","10751"
"631843","53"
"631843","9648"
"631843","27"
"65","18"
"65","10402"
"1579","28"
"1579","18"
"1579","36"
"18823","12"
"18823","14"
"18823","28"
"8413","27"
"8413","878"
"8413","9648"
"12244","28"
"12244","12"
"12244","16"
"12244","878"
"12244","53"
"9286","27"
"9286","9648"
"792","18"
"792","10752"
"792","28"
"55931","16"
"55931","878"
"984","28"
"984","80"
"984","53"
"989502","35"
"657","28"
"657","53"
"657","12"
"8536","878"
"8536","28"
"8536","12"
"9350","28"
"9350","12"
"9350","53"
"9509","28"
"9509","18"
"9509","53"
"60308","18"
"501170","27"
"501170","53"
"501170","14"
"1035253","18"
"400155","16"
"400155","35"
"400155","10751"
"400155","14"
"20504","28"
"20504","53"
"20504","878"
"512195","28"
"512195","35"
"512195","80"
"1184918","16"
"1184918","878"
"1184918","10751"
"81774","35"
"81774","18"
"829557","10749"
"829557","18"
"38365","35"
"297","14"
"297","18"
"297","10749"
"980537","18"
"923939","14"
"923939","35"
"923939","12"
"460321","28"
"460321","12"
"460321","53"
"1685","12"
"1685","878"
"1685","9648"
"676","10752"
"676","36"
"676","10749"
"676","18"
"676","28"
"960876","35"
"960876","18"
"346672","14"
"346672","28"
"346672","53"
"346672","27"
"6114","10749"
"6114","27"
"392044","9648"
"392044","18"
"392044","80"
"655","18"
"522681","27"
"522681","53"
"522681","9648"
"484641","53"
"484641","28"
"2080","12"
"2080","28"
"2080","878"
"1824","35"
"1824","10749"
"116745","12"
"116745","35"
"116745","18"
"116745","14"
"319","28"
"319","80"
"319","10749"
"585083","16"
"585083","35"
"585083","10751"
"585083","12"
"585083","14"
"686","18"
"686","878"
"686","9648"
"1547","27"
"1547","35"
"1547","53"
"71552","35"
"453","18"
"453","10749"
"11471","28"
"11471","80"
"11471","18"
"375262","18"
"375262","35"
"375262","53"
"1155089","16"
"1155089","878"
"1155089","28"
"644","18"
"644","878"
"644","12"
"180299","28"
"180299","80"
"180299","53"
"1705","28"
"1705","878"
"390043","28"
"390043","35"
"793","80"
"793","18"
"793","9648"
"793","53"
"829","80"
"829","18"
"829","9648"
"829","53"
"8467","35"
"592831","18"
"592831","878"
"4256","35"
"7512","35"
"7512","878"
"7512","12"
"177677","28"
"177677","12"
"447404","28"
"447404","12"
"447404","14"
"532639","14"
"532639","12"
"532639","10751"
"617653","36"
"617653","18"
"617653","28"
"9772","28"
"9772","53"
"341174","18"
"341174","10749"
"10009","12"
"10009","16"
"10009","10751"
"274857","28"
"274857","18"
"274857","14"
"602734","27"
"602734","80"
"602734","9648"
"340102","878"
"340102","27"
"340102","28"
"340102","9648"
"340102","12"
"773","35"
"773","18"
"558449","28"
"558449","12"
"12155","10751"
"12155","14"
"12155","12"
"2059","12"
"2059","28"
"2059","53"
"2059","9648"
"284","35"
"284","18"
"284","10749"
"11430","10751"
"11430","16"
"11430","35"
"11430","28"
"4258","35"
"8960","14"
"8960","28"
"935","35"
"935","10752"
"980026","36"
"980026","18"
"21057","16"
"21057","18"
"21057","10749"
"21057","10770"
"1371","18"
"180","878"
"180","28"
"180","53"
"881","18"
"817","12"
"817","35"
"817","80"
"817","878"
"1103","878"
"1103","28"
"15472","18"
"15472","53"
"15472","80"
"15472","9648"
"57214","35"
"109424","28"
"109424","18"
"109424","53"
"293768","18"
"293768","53"
"1201176","27"
"1201176","35"
"1201176","14"
"267860","28"
"267860","53"
"242582","80"
"242582","18"
"242582","53"
"298","80"
"298","53"
"459151","16"
"459151","35"
"459151","12"
"459151","10751"
"11690","28"
"11690","53"
"579974","28"
"579974","18"
"2502","28"
"2502","18"
"2502","53"
"15080","16"
"15080","18"
"15080","10749"
"311","18"
"311","80"
"480530","18"
"480530","28"
"181533","12"
"181533","35"
"181533","14"
"181533","10751"
"10337","80"
"10337","18"
"10337","9648"
"1053544","53"
"1053544","18"
"1053544","28"
"83542","18"
"83542","878"
"1621","35"
"13223","18"
"1241980","10749"
"834","14"
"834","28"
"834","53"
"10530","12"
"10530","16"
"10530","10751"
"10530","10749"
"1170608","878"
"1170608","12"
"561","14"
"561","28"
"561","27"
"7518","10751"
"7518","35"
"7518","16"
"2789","28"
"2789","878"
"876797","18"
"876797","10749"
"82507","27"
"82507","53"
"82507","9648"
"660360","36"
"660360","28"
"660360","18"
"660360","10752"
"648579","28"
"648579","35"
"648579","80"
"207932","9648"
"207932","53"
"207932","28"
"361292","27"
"361292","9648"
"361292","18"
"36586","14"
"36586","27"
"36586","28"
"36586","53"
"1016084","18"
"1016084","35"
"1016084","36"
"7299","28"
"7299","878"
"7299","53"
"359940","80"
"359940","18"
"1991","28"
"1991","53"
"515001","35"
"515001","10752"
"515001","18"
"379686","10751"
"379686","16"
"379686","35"
"379686","878"
"184","80"
"184","18"
"184","53"
"399402","28"
"399402","53"
"6978","35"
"6978","28"
"6978","14"
"406990","878"
"406990","53"
"406990","18"
"406990","9648"
"406990","28"
"12437","14"
"12437","28"
"12437","53"
"49797","53"
"49797","27"
"440021","27"
"440021","9648"
"440021","35"
"440021","53"
"10948","12"
"10948","16"
"10948","18"
"10948","10751"
"198184","80"
"198184","28"
"198184","878"
"954","12"
"954","28"
"954","53"
"1058694","18"
"9874","28"
"9874","80"
"9874","53"
"9599","27"
"9599","878"
"9599","9648"
"497828","35"
"497828","18"
"776503","18"
"776503","10402"
"776503","10749"
"1562","27"
"1562","53"
"1562","878"
"64635","28"
"64635","878"
"64635","53"
"13448","53"
"13448","9648"
"10999","28"
"10999","12"
"10999","53"
"594","35"
"594","18"
"274855","28"
"274855","878"
"274855","53"
"429351","10752"
"429351","18"
"429351","28"
"429351","36"
"522931","28"
"522931","35"
"522931","80"
"522931","53"
"1184247","53"
"1184247","18"
"1184247","80"
"44833","53"
"44833","28"
"44833","12"
"44833","878"
"571625","27"
"571625","53"
"1996","28"
"1996","12"
"1996","14"
"1996","53"
"18240","35"
"18240","10749"
"18240","18"
"12405","18"
"12405","10749"
"50646","35"
"50646","18"
"50646","10749"
"338967","35"
"338967","27"
"961268","28"
"961268","12"
"961268","53"
"600354","18"
"660","12"
"660","28"
"660","53"
"49040","28"
"49040","53"
"36648","28"
"36648","27"
"36648","14"
"4233","27"
"4233","9648"
"1232943","35"
"1232943","10749"
"8247","28"
"8247","12"
"8247","878"
"146","12"
"146","18"
"146","28"
"146","10749"
"9902","27"
"9902","53"
"986175","35"
"986175","18"
"1257074","18"
"869612","18"
"869612","10749"
"869612","53"
"8273","35"
"8273","10749"
"1214314","28"
"829424","16"
"829424","14"
"829424","10751"
"1100795","35"
"1100795","80"
"1100795","9648"
"1100795","10770"
"762","12"
"762","35"
"762","14"
"8195","28"
"8195","53"
"8195","80"
"923993","53"
"923993","80"
"699","12"
"699","28"
"699","53"
"49529","28"
"49529","12"
"49529","878"
"339964","12"
"339964","878"
"339964","28"
"1109778","35"
"1109778","10749"
"18360","12"
"18360","14"
"18360","28"
"18360","35"
"18360","10751"
"10483","28"
"10483","53"
"10483","878"
"656156","28"
"656156","53"
"656156","18"
"9377","35"
"11474","28"
"11474","53"
"49017","27"
"49017","28"
"49017","14"
"22970","27"
"22970","35"
"22970","878"
"11005","18"
"16320","878"
"16320","28"
"16320","12"
"16320","53"
"587","12"
"587","14"
"587","18"
"80","18"
"80","10749"
"5549","28"
"5549","12"
"5549","80"
"5549","878"
"5549","53"
"11850","878"
"11850","27"
"181886","53"
"181886","9648"
"10843","35"
"10843","53"
"10843","18"
"9820","35"
"9820","10751"
"9820","10749"
"580175","35"
"580175","18"
"1217343","18"
"1217343","10402"
"504608","10402"
"504608","18"
"1813","18"
"1813","9648"
"1813","53"
"1813","27"
"68734","18"
"68734","53"
"10567","16"
"10567","10751"
"10567","12"
"81188","10751"
"81188","16"
"81188","14"
"81188","28"
"81188","12"
"321612","10751"
"321612","14"
"321612","10749"
"508","35"
"508","10749"
"508","18"
"380","18"
"343611","28"
"343611","53"
"1585","18"
"1585","10751"
"1585","14"
"313297","16"
"313297","12"
"313297","10751"
"215","27"
"11635","35"
"10331","27"
"10331","53"
"10331","878"
"645710","53"
"45243","35"
"567604","35"
"567604","28"
"567604","12"
"503736","28"
"503736","80"
"503736","18"
"503736","27"
"503736","878"
"503736","53"
"257344","28"
"257344","35"
"257344","878"
"473033","18"
"473033","53"
"473033","80"
"1008374","18"
"1008374","53"
"1008374","27"
"5255","16"
"5255","12"
"5255","10751"
"5255","14"
"1022632","28"
"1030987","28"
"1030987","53"
"41446","27"
"41446","9648"
"9595","28"
"9595","35"
"9595","10752"
"1006431","28"
"1006431","53"
"280217","28"
"280217","12"
"280217","16"
"280217","35"
"280217","10751"
"9255","28"
"9255","35"
"9255","10752"
"332567","27"
"332567","18"
"332567","53"
"1143183","18"
"1143183","10749"
"1143183","878"
"415","28"
"415","878"
"415","12"
"956","12"
"956","28"
"956","53"
"872906","28"
"872906","12"
"872906","53"
"296","28"
"296","53"
"296","878"
"926599","27"
"926599","53"
"80274","878"
"80274","28"
"80274","12"
"38142","16"
"38142","18"
"38142","10751"
"38142","10749"
"1185638","53"
"397567","28"
"397567","12"
"397567","18"
"397567","14"
"397567","53"
"397567","9648"
"14564","27"
"824","18"
"824","10749"
"824","10402"
"300669","53"
"300669","27"
"1082063","27"
"1082063","9648"
"333484","12"
"333484","28"
"333484","37"
"242828","16"
"242828","18"
"41439","27"
"41439","80"
"36593","35"
"36593","80"
"507532","80"
"507532","18"
"507532","53"
"44264","18"
"44264","12"
"44264","37"
"639","35"
"639","10749"
"639","18"
"820","18"
"820","53"
"820","36"
"203","18"
"203","80"
"417859","16"
"417859","10751"
"417859","14"
"417859","12"
"417859","35"
"45269","18"
"45269","36"
"95610","35"
"95610","10749"
"95610","18"
"912649","28"
"912649","878"
"912649","12"
"611698","14"
"611698","28"
"611698","12"
"611698","18"
"253","12"
"253","28"
"253","53"
"310","14"
"310","35"
"23629","28"
"23629","14"
"23629","53"
"4588","28"
"4588","18"
"4588","10749"
"4588","53"
"9679","28"
"9679","80"
"9679","53"
"13345","28"
"13345","12"
"13345","14"
"13345","35"
"13345","10749"
"77950","16"
"77950","10751"
"8321","35"
"8321","18"
"8321","80"
"1170000","18"
"4248","35"
"1166133","27"
"1166133","53"
"10439","14"
"10439","35"
"10439","10751"
"725201","28"
"725201","53"
"556694","18"
"556694","14"
"556694","10749"
"979097","18"
"1578","18"
"10330","35"
"10330","10751"
"10330","14"
"521029","27"
"617","9648"
"617","53"
"617","18"
"9408","16"
"9408","35"
"9408","10751"
"2770","35"
"2770","10749"
"158015","878"
"158015","27"
"158015","53"
"8920","16"
"8920","35"
"8920","10751"
"10545","18"
"10545","16"
"10545","10751"
"36669","12"
"36669","28"
"36669","53"
"1089654","16"
"1089654","36"
"1022128","27"
"7980","14"
"7980","18"
"1015356","99"
"1240746","35"
"1240746","18"
"1240746","10751"
"1240746","10770"
"532408","27"
"532408","53"
"532408","9648"
"337170","35"
"337170","80"
"337170","18"
"193756","10752"
"193756","28"
"193756","18"
"3131","18"
"3131","36"
"3131","80"
"843527","10749"
"843527","35"
"843527","10402"
"414","28"
"414","80"
"414","14"
"20391","35"
"20391","37"
"20391","10402"
"87421","878"
"87421","28"
"87421","53"
"109439","35"
"9336","35"
"9336","80"
"52520","14"
"52520","28"
"52520","27"
"73723","16"
"73723","10751"
"1278","18"
"1278","10749"
"147441","12"
"147441","18"
"147441","28"
"10014","27"
"13939","80"
"13939","18"
"13939","28"
"369972","36"
"369972","18"
"585511","16"
"585511","12"
"585511","35"
"585511","14"
"1788","18"
"1788","10749"
"1162322","99"
"1162322","18"
"59859","28"
"59859","12"
"59859","80"
"11072","37"
"11072","35"
"19","18"
"19","878"
"9928","16"
"9928","35"
"9928","10751"
"9928","878"
"479718","28"
"479718","80"
"479718","53"
"873","18"
"873","36"
"873","80"
"774825","16"
"774825","35"
"774825","12"
"774825","10751"
"10072","27"
"10072","53"
"10072","14"
"346648","12"
"346648","35"
"346648","10751"
"983223","18"
"10140","12"
"10140","10751"
"10140","14"
"1452","878"
"1452","28"
"1452","12"
"1170260","53"
"5176","37"
"1541","18"
"1541","53"
"1541","80"
"1541","12"
"762735","9648"
"762735","53"
"762735","18"
"762735","10752"
"214","27"
"214","53"
"214","80"
"20856","12"
"20856","35"
"20856","10751"
"20856","14"
"20856","878"
"10323","12"
"10323","14"
"138832","35"
"138832","80"
"329996","10751"
"329996","14"
"329996","12"
"396422","27"
"334541","18"
"1077600","28"
"1077600","35"
"928","35"
"928","27"
"928","14"
"2501","28"
"2501","18"
"2501","9648"
"2501","53"
"3176","18"
"3176","53"
"3176","28"
"406997","18"
"406997","10751"
"426063","18"
"426063","14"
"426063","27"
"70","18"
"76203","18"
"76203","36"
"899082","99"
"51162","16"
"51162","10751"
"51162","35"
"51162","12"
"1086747","9648"
"1086747","53"
"1086747","27"
"454626","28"
"454626","878"
"454626","35"
"454626","10751"
"1265725","35"
"1059345","9648"
"1059345","53"
"1059345","80"
"1059345","27"
"772515","18"
"772515","27"
"772515","9648"
"674324","18"
"674324","35"
"474350","27"
"9349","53"
"9349","28"
"9349","878"
"9349","80"
"536115","16"
"536115","878"
"536115","28"
"536115","12"
"939243","878"
"939243","35"
"939243","12"
"939243","10751"
"334","18"
"4234","27"
"4234","9648"
"780609","27"
"780609","53"
"780609","14"
"28178","18"
"28178","10751"
"811076","53"
"811076","27"
"1140692","28"
"47971","28"
"47971","12"
"47971","80"
"923","27"
"23168","80"
"23168","18"
"23168","53"
"958196","53"
"958196","18"
"860","53"
"860","878"
"860","18"
"36685","35"
"36685","878"
"36685","14"
"36685","27"
"91586","27"
"91586","53"
"43347","18"
"43347","35"
"43347","10749"
"1225977","27"
"1225977","53"
"1225977","35"
"820525","10749"
"820525","18"
"1024773","27"
"1024773","9648"
"10823","27"
"10823","53"
"10201","35"
"10201","10749"
"293670","27"
"293670","9648"
"877269","16"
"877269","10751"
"877269","12"
"877269","878"
"877269","14"
"15283","12"
"15283","16"
"15283","14"
"9313","12"
"9313","28"
"9313","18"
"776305","16"
"776305","878"
"776305","10751"
"7551","28"
"7551","53"
"7551","878"
"10867","18"
"320","80"
"320","53"
"8839","14"
"8839","35"
"8839","10751"
"567811","16"
"567811","35"
"567811","10751"
"567811","14"
"522162","28"
"522162","18"
"522162","10752"
"522162","36"
"363676","18"
"363676","36"
"880956","18"
"513310","28"
"513310","878"
"513310","53"
"420808","10751"
"420808","14"
"420808","28"
"420808","12"
"431","53"
"431","878"
"431","9648"
"830721","35"
"830721","18"
"83389","16"
"83389","18"
"5559","10751"
"5559","16"
"5559","12"
"5559","35"
"239","35"
"239","10749"
"239","80"
"36643","12"
"36643","28"
"36643","53"
"1139029","10752"
"1139029","18"
"3170","16"
"3170","18"
"3170","10751"
"1231953","35"
"1231953","10749"
"44826","12"
"44826","18"
"44826","10751"
"965791","35"
"57165","14"
"57165","12"
"9836","16"
"9836","35"
"9836","10751"
"862965","80"
"862965","18"
"862965","53"
"10865","16"
"10865","10751"
"10865","12"
"10865","878"
"10730","12"
"10730","14"
"1700","18"
"1700","53"
"1018754","35"
"1018754","18"
"1018754","10749"
"400650","14"
"400650","10751"
"400650","35"
"399174","12"
"399174","35"
"399174","16"
"820609","27"
"820609","878"
"820609","53"
"913290","27"
"913290","9648"
"913290","53"
"10501","10751"
"10501","12"
"10501","16"
"10501","35"
"10501","14"
"446354","18"
"446354","36"
"593","18"
"593","878"
"593","9648"
"298250","27"
"298250","9648"
"298250","53"
"8656","28"
"8656","18"
"8656","878"
"845387","16"
"845387","18"
"845387","10749"
"845387","14"
"4982","18"
"4982","80"
"46738","18"
"46738","10752"
"46738","9648"
"852445","18"
"852445","14"
"944952","18"
"944952","53"
"11319","14"
"11319","10751"
"11319","16"
"11319","12"
"6075","80"
"6075","18"
"6075","10749"
"6075","53"
"11770","28"
"11770","35"
"72545","12"
"72545","28"
"72545","878"
"4347","18"
"4347","10749"
"87101","878"
"87101","28"
"87101","53"
"87101","12"
"36668","12"
"36668","28"
"36668","878"
"36668","53"
"938250","53"
"938250","18"
"938250","35"
"76757","878"
"76757","14"
"76757","28"
"448119","10751"
"448119","35"
"448119","14"
"448119","12"
"8619","12"
"8619","18"
"8619","10752"
"696806","12"
"696806","878"
"1173076","18"
"1173076","35"
"22881","18"
"819876","18"
"819876","878"
"819876","27"
"19994","27"
"19994","35"
"788","35"
"788","18"
"788","10751"
"4348","18"
"4348","10749"
"698","28"
"698","12"
"698","53"
"698","878"
"947938","16"
"947938","12"
"947938","14"
"947938","35"
"9360","12"
"9360","27"
"9360","53"
"500664","28"
"500664","53"
"500664","878"
"15092","28"
"15092","53"
"15092","80"
"853","18"
"853","10752"
"853","36"
"853","10749"
"8068","53"
"8068","28"
"8068","80"
"653","27"
"14756","18"
"14756","28"
"14756","36"
"10096","35"
"10096","14"
"10096","10749"
"12133","35"
"8374","28"
"8374","53"
"8374","80"
"660120","18"
"660120","10749"
"660120","35"
"5915","12"
"5915","18"
"10555","16"
"10555","28"
"10555","35"
"10555","10751"
"8856","12"
"8856","18"
"8856","28"
"8856","10749"
"8856","10751"
"1187619","53"
"1187619","27"
"547016","28"
"547016","14"
"1607","18"
"1607","80"
"4108","28"
"4108","80"
"4108","53"
"4257","35"
"2270","12"
"2270","14"
"2270","10749"
"2270","10751"
"27576","28"
"27576","9648"
"27576","53"
"2280","14"
"2280","18"
"2280","35"
"2280","10749"
"2280","10751"
"84892","18"
"8916","10751"
"8916","16"
"8916","12"
"8916","35"
"71676","28"
"71676","14"
"71676","53"
"999056","28"
"999056","80"
"999056","18"
"1265","12"
"1265","18"
"1265","10751"
"4437","53"
"4437","878"
"1232929","99"
"1246","18"
"10376","18"
"10376","10402"
"717980","53"
"717980","80"
"717980","18"
"817758","18"
"817758","10402"
"577","18"
"577","35"
"577","80"
"6637","28"
"6637","12"
"6637","9648"
"6637","53"
"1542","35"
"9571","35"
"9571","18"
"260346","53"
"260346","28"
"12162","18"
"12162","53"
"12162","10752"
"864101","878"
"864101","18"
"864101","12"
"864101","10751"
"1687","28"
"1687","878"
"931954","18"
"931954","27"
"931954","53"
"509967","28"
"509967","35"
"509967","53"
"505192","18"
"505192","80"
"505192","53"
"1043997","18"
"1240928","99"
"1443","18"
"1443","10749"
"876911","878"
"876911","53"
"876911","18"
"76493","35"
"964592","27"
"964592","9648"
"964592","18"
"10802","18"
"7326","35"
"7326","18"
"7326","10749"
"766798","18"
"20766","12"
"20766","18"
"2675","18"
"2675","53"
"2675","878"
"2675","9648"
"10957","16"
"10957","12"
"10957","10751"
"10957","14"
"151960","16"
"151960","10751"
"151960","12"
"151960","35"
"495764","28"
"495764","80"
"531309","27"
"531309","878"
"531309","53"
"531309","9648"
"1189798","27"
"1189798","53"
"9444","16"
"9444","10751"
"9444","14"
"9444","12"
"50014","18"
"511809","18"
"511809","10749"
"511809","80"
"714","12"
"714","28"
"714","53"
"624091","28"
"624091","12"
"624091","878"
"624091","14"
"624091","18"
"168672","18"
"168672","80"
"345887","28"
"345887","53"
"345887","80"
"539972","28"
"539972","12"
"539972","878"
"888322","16"
"888322","12"
"888322","35"
"9361","28"
"9361","12"
"9361","18"
"9361","36"
"9361","10749"
"9361","10752"
"772","35"
"772","10751"
"772","12"
"10665","27"
"10665","9648"
"10665","53"
"500104","10749"
"500104","18"
"1154330","27"
"708","28"
"708","12"
"708","53"
"4105","18"
"4105","28"
"4105","53"
"175168","35"
"175168","27"
"412117","12"
"412117","16"
"412117","35"
"412117","10751"
"1375","18"
"257211","35"
"258216","18"
"899112","28"
"899112","35"
"899112","80"
"899112","14"
"643215","10751"
"643215","35"
"643215","12"
"1688","28"
"1688","878"
"12153","35"
"12153","80"
"37686","53"
"37686","878"
"37686","9648"
"1047041","16"
"1047041","28"
"1047041","80"
"1047041","9648"
"1025491","18"
"235","80"
"235","18"
"1010639","35"
"1010639","18"
"12092","16"
"12092","10751"
"12092","14"
"12092","12"
"10428","28"
"10428","80"
"10428","53"
"10428","18"
"284303","27"
"284303","53"
"284303","9648"
"206487","878"
"206487","53"
"414906","80"
"414906","9648"
"414906","53"
"109414","28"
"109414","35"
"1262596","18"
"39513","12"
"39513","35"
"39513","878"
"1006540","28"
"1119774","35"
"1119774","14"
"8699","35"
"1196646","27"
"681","28"
"681","53"
"843617","10749"
"843617","35"
"58595","12"
"58595","14"
"58595","18"
"1119527","18"
"1119527","27"
"1119527","53"
"3021","27"
"3021","9648"
"3021","53"
"399404","18"
"399404","36"
"4523","35"
"4523","10751"
"4523","14"
"4523","10749"
"338762","28"
"338762","878"
"338762","12"
"693349","36"
"693349","18"
"37735","35"
"484247","80"
"484247","53"
"484247","35"
"54138","28"
"54138","12"
"54138","878"
"1146972","16"
"1146972","878"
"1146972","28"
"1146972","18"
"50546","35"
"50546","10749"
"664469","9648"
"664469","35"
"664469","18"
"346364","27"
"8848","53"
"8848","80"
"8848","18"
"1161663","27"
"1161663","878"
"1127227","18"
"1127227","10749"
"1635","28"
"1635","53"
"1635","878"
"1635","12"
"46529","28"
"46529","53"
"46529","878"
"46529","12"
"798362","80"
"798362","18"
"798362","9648"
"798362","53"
"44115","12"
"44115","18"
"44115","53"
"37958","14"
"37958","28"
"37958","18"
"254470","35"
"254470","10402"
"458576","28"
"458576","14"
"458576","12"
"283366","14"
"283366","12"
"241259","12"
"241259","10751"
"241259","14"
"17979","16"
"17979","10751"
"17979","14"
"667","28"
"667","53"
"667","12"
"7459","10751"
"7459","28"
"7459","12"
"7459","35"
"1427","80"
"1427","14"
"1427","18"
"559969","80"
"559969","18"
"559969","53"
"592","80"
"592","18"
"592","9648"
"8095","18"
"8095","36"
"8095","10749"
"1175351","18"
"1175351","53"
"347031","35"
"347031","18"
"347031","10749"
"347031","14"
"347031","12"
"619264","18"
"619264","878"
"619264","53"
"267935","12"
"267935","10751"
"267935","14"
"771","35"
"771","10751"
"533","12"
"533","16"
"533","35"
"533","10751"
"1244039","27"
"571","27"
"663712","27"
"663712","53"
"9482","878"
"796","18"
"796","10749"
"21835","28"
"21835","12"
"21835","14"
"21835","35"
"21835","10749"
"9602","35"
"9602","10749"
"1163258","18"
"59436","14"
"59436","35"
"59436","10749"
"783110","80"
"783110","28"
"9078","16"
"9078","10751"
"9078","14"
"1222560","35"
"1222560","10751"
"13811","28"
"13811","9648"
"13811","878"
"13811","53"
"1014209","18"
"1014209","35"
"691","12"
"691","28"
"691","53"
"222935","10749"
"222935","18"
"895549","18"
"895549","36"
"616820","27"
"616820","53"
"955","12"
"955","28"
"955","53"
"942047","28"
"942047","35"
"213","9648"
"213","53"
"213","12"
"189","80"
"189","28"
"189","53"
"15196","35"
"15196","53"
"15196","80"
"15196","9648"
"726759","53"
"726759","36"
"726759","18"
"353491","14"
"353491","28"
"353491","878"
"9947","28"
"9947","14"
"9947","12"
"9331","28"
"9331","18"
"9331","53"
"301","37"
"829280","12"
"829280","9648"
"829280","80"
"75","35"
"75","14"
"75","878"
"1168709","99"
"1168709","18"
"1254724","10402"
"1254724","99"
"13387","28"
"13387","53"
"13387","80"
"49519","16"
"49519","12"
"49519","10751"
"49519","14"
"49519","35"
"49519","28"
"10066","9648"
"10066","27"
"10066","53"
"8913","27"
"8913","18"
"1241978","18"
"9477","12"
"9477","10752"
"9477","36"
"9477","28"
"9477","18"
"9533","80"
"9533","53"
"9533","27"
"931642","28"
"931642","53"
"1223272","53"
"1223272","27"
"1223272","28"
"1223272","878"
"1223272","18"
"9334","28"
"9334","12"
"9334","14"
"9334","18"
"27022","14"
"27022","12"
"27022","28"
"36670","12"
"36670","28"
"36670","53"
"311324","28"
"311324","12"
"311324","14"
"619778","27"
"166","18"
"166","10749"
"166","35"
"100","35"
"100","80"
"49849","28"
"49849","878"
"49849","53"
"49849","37"
"1197989","35"
"33320","16"
"33320","18"
"33320","10749"
"667216","27"
"667216","878"
"353486","12"
"353486","35"
"353486","14"
"73861","80"
"73861","27"
"73861","53"
"1584","35"
"1584","10402"
"709","12"
"709","28"
"709","53"
"164","35"
"164","10749"
"164","18"
"278924","28"
"278924","80"
"278924","53"
"11969","37"
"11969","28"
"9277","35"
"9277","80"
"9277","18"
"335778","28"
"335778","12"
"335778","18"
"335778","14"
"9486","12"
"9486","28"
"9486","35"
"4995","18"
"20453","18"
"20453","35"
"1212073","28"
"60304","14"
"60304","27"
"60304","28"
"14372","12"
"14372","27"
"14372","53"
"14372","878"
"449443","28"
"449443","80"
"449443","53"
"293863","10749"
"293863","14"
"293863","18"
"204082","28"
"204082","53"
"1169368","28"
"1169368","53"
"1169368","80"
"1169368","10770"
"116711","16"
"116711","12"
"116711","10751"
"116711","14"
"22538","28"
"22538","35"
"22538","10749"
"9531","35"
"9531","878"
"9531","28"
"9531","12"
"587092","28"
"587092","16"
"587092","35"
"587092","14"
"587092","27"
"587092","10752"
"2119","12"
"2119","28"
"2119","18"
"1084812","35"
"1084812","28"
"1084812","18"
"329103","10749"
"329103","18"
"301502","18"
"1229349","18"
"1229349","35"
"1229349","28"
"707","12"
"707","28"
"707","53"
"1115168","10751"
"1115168","18"
"51608","28"
"51608","53"
"51608","80"
"497582","12"
"497582","9648"
"497582","80"
"8452","878"
"8452","28"
"8452","9648"
"8452","18"
"455980","35"
"455980","28"
"266856","18"
"266856","10749"
"4550","18"
"4550","53"
"457332","28"
"457332","12"
"457332","35"
"457332","53"
"4513","27"
"4513","53"
"548","80"
"548","18"
"548","9648"
"1580","53"
"1580","80"
"1580","18"
"405774","27"
"405774","53"
"405774","18"
"9769","18"
"9769","10749"
"308266","35"
"308266","80"
"308266","18"
"537996","37"
"537996","35"
"537996","18"
"700","12"
"700","28"
"700","53"
"805","18"
"805","27"
"805","53"
"9335","28"
"9335","53"
"9335","80"
"544","10749"
"544","35"
"926","35"
"926","878"
"926","12"
"34584","12"
"34584","14"
"34584","10751"
"34584","18"
"401981","53"
"401981","9648"
"5925","12"
"5925","18"
"5925","36"
"5925","53"
"5925","10752"
"198375","16"
"198375","18"
"198375","10749"
"910365","36"
"910365","10752"
"910365","18"
"9588","37"
"482373","53"
"482373","27"
"1061474","878"
"1061474","28"
"296524","18"
"296524","28"
"188927","28"
"188927","12"
"188927","878"
"7220","28"
"7220","80"
"7220","18"
"1267","16"
"1267","35"
"1267","10751"
"9489","35"
"9489","10749"
"590223","35"
"590223","28"
"590223","12"
"590223","878"
"43539","10749"
"43539","18"
"43539","53"
"43539","80"
"136797","28"
"136797","80"
"136797","18"
"136797","53"
"146216","28"
"146216","35"
"146216","80"
"146216","53"
"1235623","28"
"1235623","18"
"501929","16"
"501929","12"
"501929","35"
"322","53"
"322","80"
"322","18"
"322","9648"
"109418","35"
"4944","35"
"4944","18"
"942199","878"
"942199","53"
"10719","35"
"10719","10751"
"10719","14"
"1597","35"
"1597","10749"
"5528","18"
"695932","10749"
"695932","18"
"387824","18"
"387824","10749"
"1151534","53"
"1151534","18"
"1903","878"
"1903","10749"
"1903","18"
"1903","14"
"1903","53"
"1903","9648"
"810693","16"
"810693","28"
"810693","14"
"529203","16"
"529203","10751"
"529203","12"
"529203","14"
"529203","35"
"1093215","18"
"1093215","35"
"5689","10749"
"5689","12"
"779816","18"
"779816","36"
"779816","10749"
"779816","10751"
"68728","14"
"68728","12"
"68728","10751"
"10222","28"
"10222","53"
"10222","18"
"9671","12"
"9671","35"
"364689","16"
"364689","10751"
"364689","12"
"364689","35"
"539681","16"
"539681","28"
"539681","10751"
"539681","35"
"539681","878"
"13363","878"
"13363","18"
"581726","878"
"581726","28"
"581726","53"
"83666","35"
"83666","18"
"83666","10749"
"900379","18"
"900379","10749"
"900379","35"
"522402","878"
"522402","18"
"522402","12"
"581528","80"
"581528","28"
"581528","53"
"630392","27"
"630392","18"
"630392","53"
"246655","28"
"246655","12"
"246655","878"
"246655","14"
"1051","28"
"1051","80"
"1051","53"
"1219348","27"
"1219348","53"
"1219348","18"
"37933","16"
"37933","14"
"37933","12"
"258480","10749"
"258480","18"
"972433","18"
"972433","36"
"638","18"
"638","53"
"638","9648"
"316727","28"
"316727","27"
"316727","53"
"844416","53"
"844416","28"
"11596","27"
"11596","9648"
"11596","14"
"51620","28"
"51620","53"
"51620","878"
"626735","18"
"626735","35"
"754","28"
"754","80"
"754","878"
"332210","12"
"332210","16"
"332210","35"
"332210","10751"
"442249","27"
"442249","28"
"442249","53"
"615173","28"
"615173","9648"
"615173","53"
"615173","878"
"615173","12"
"16996","35"
"16996","14"
"16996","18"
"16996","10749"
"152532","18"
"152532","36"
"241848","9648"
"241848","53"
"241848","28"
"238636","27"
"238636","53"
"399057","18"
"399057","53"
"399057","9648"
"38199","18"
"38199","53"
"932801","18"
"4547","80"
"4547","18"
"4547","53"
"22947","18"
"22947","10749"
"1992","27"
"1992","28"
"1992","53"
"33278","27"
"33278","878"
"33278","10749"
"1016121","10749"
"1016121","18"
"1016121","35"
"880100","27"
"880100","18"
"8845","28"
"8845","53"
"1880","28"
"1880","53"
"1880","10752"
"1880","18"
"1880","878"
"1105407","28"
"1105407","53"
"1105407","80"
"10975","28"
"10975","12"
"10975","80"
"10975","53"
"85350","18"
"203801","35"
"203801","28"
"203801","12"
"844185","35"
"844185","36"
"11778","18"
"11778","10752"
"1110358","35"
"1110358","18"
"864692","28"
"864692","12"
"864692","53"
"864692","18"
"406563","27"
"406563","9648"
"406563","53"
"581392","27"
"581392","12"
"581392","28"
"581392","53"
"2005","10402"
"2005","35"
"187022","18"
"187022","80"
"187022","28"
"1680","878"
"1680","35"
"1680","12"
"1680","14"
"582","18"
"582","53"
"724495","28"
"724495","18"
"724495","36"
"9880","35"
"9880","10751"
"9880","10749"
"4614","53"
"4614","28"
"4614","18"
"51540","35"
"51540","80"
"532067","16"
"532067","12"
"532067","35"
"532067","14"
"1187743","36"
"1187743","18"
"939335","28"
"1119602","53"
"818648","10749"
"818648","35"
"9437","53"
"9437","80"
"9437","9648"
"9437","18"
"6957","35"
"6957","10749"
"110420","16"
"110420","10751"
"110420","18"
"110420","14"
"249397","18"
"249397","9648"
"82693","18"
"82693","35"
"82693","10749"
"10160","27"
"10160","53"
"274854","14"
"274854","28"
"274854","12"
"12113","28"
"12113","18"
"12113","53"
"503314","28"
"503314","878"
"503314","16"
"847143","28"
"847143","18"
"847143","35"
"847143","9648"
"8681","28"
"8681","53"
